﻿<?xml version="1.0" encoding="UTF-8"?>
<player>
  <card>
    <id>2</id>
    <type>BigRange</type>
  </card>
  <card>
    <id>2</id>
    <type>BigRange</type>
  </card>
  <card>
    <id>2</id>
    <type>BigRange</type>
  </card>
  <card>
    <id>2</id>
    <type>BigRange</type>
  </card>
  <card>
    <id>2</id>
    <type>BigRange</type>
  </card>
  <card>
    <id>1001</id>
    <type>Forest</type>
  </card>
  <card>
    <id>1002</id>
    <type>Swamp</type>
  </card>
  <card>
    <id>1003</id>
    <type>Mountain</type>
  </card>
  <card>
    <id>1004</id>
    <type>Ruin</type>
  </card>
  <card>
    <id>1005</id>
    <type>Plain</type>
  </card>
  <card>
    <id>1</id>
    <type>Close</type>
  </card>
  <card>
    <id>1</id>
    <type>Close</type>
  </card>
  <card>
    <id>1</id>
    <type>Close</type>
  </card>
  <card>
    <id>1</id>
    <type>Close</type>
  </card>
  <card>
    <id>1</id>
    <type>Close</type>
  </card>
  <card>
    <id>1</id>
    <type>Close</type>
  </card>
  <card>
    <id>3</id>
    <type>Range</type>
  </card>
  <card>
    <id>3</id>
    <type>Range</type>
  </card>
  <card>
    <id>3</id>
    <type>Range</type>
  </card>
  <card>
    <id>3</id>
    <type>Range</type>
  </card>
  <card>
    <id>3</id>
    <type>Range</type>
  </card>
  <card>
    <id>3</id>
    <type>Range</type>
  </card>
  <card>
    <id>3</id>
    <type>Range</type>
  </card>
</player>